produto,2013_jan,2013_fev,2013_mar,2013_abr,2013_mai,2013_jun,2013_jul,2013_ago,2013_set,2013_out,2013_nov,2013_dez,2014_jan,2014_fev,2014_mar,2014_abr,2014_mai,2014_jun,2014_jul,2014_ago,2014_set,2014_out,2014_nov,2014_dez,2015_jan,2015_fev,2015_mar,2015_abr,2015_mai,2015_jun,2015_jul,2015_ago,2015_set,2015_out,2015_nov,2015_dez,2016_jan,2016_fev,2016_mar,2016_abr,2016_mai,2016_jun,2016_jul,2016_ago,2016_set,2016_out,2016_nov,2016_dez,2017_jan,2017_fev,2017_mar,2017_abr,2017_mai,2017_jun,2017_jul,2017_ago,2017_set,2017_out,2017_nov,2017_dez,2018_jan,2018_fev,2018_mar,2018_abr,2018_mai,2018_jun,2018_jul,2018_ago,2018_set,2018_out,2018_nov,2018_dez,2019_jan,2019_fev,2019_mar,2019_abr,2019_mai,2019_jun,2019_jul,2019_ago,2019_set,2019_out,2019_nov,2019_dez,2020_jan,2020_fev,2020_mar,2020_abr,2020_mai,2020_jun,2020_jul,2020_ago,2020_set,2020_out,2020_nov,2020_dez,2021_jan,2021_fev,2021_mar,2021_abr,2021_mai,2021_jun,2021_jul,2021_ago,2021_set,2021_out,2021_nov,2021_dez,2022_jan,2022_fev,2022_mar,2022_abr,2022_mai,2022_jun,2022_jul,2022_ago,2022_set,2022_out,2022_nov,2022_dez,2023_jan,2023_fev,2023_mar,2023_abr,2023_mai,2023_jun,2023_jul,2023_ago,2023_set,2023_out,2023_nov,2023_dez,2024_jan,2024_fev,2024_mar,2024_abr,2024_mai,2024_jun,2024_jul,2024_ago,2024_set,2024_out,2024_nov,2024_dez,2025_jan,2025_fev,2025_mar,2025_abr,2025_mai,2025_jun,2025_jul,2025_ago,2025_set,2025_out,2025_nov,2025_dez
,,,,,,,,,,,,,,,,,,,,,,,,,,,,,,,,,,,,,,,,,,,,,,,,,,,,,,,,,,,,,,,,,,,,,,,,,,,,,,,,,,,,,,,,,,,,,,,,,,,,,,,,,,,,,,,,,,,,,,,,,,,,,,,,,,,,,,,,,,,,,,,,,,,,,,,,,,,,
Produção / Production,,,,,,,,,,,,,,,,,,,,,,,,,,,,,,,,,,,,,,,,,,,,,,,,,,,,,,,,,,,,,,,,,,,,,,,,,,,,,,,,,,,,,,,,,,,,,,,,,,,,,,,,,,,,,,,,,,,,,,,,,,,,,,,,,,,,,,,,,,,,,,,,,,,,,,,,,,,,
Aço Bruto / Crude Steel,2769.437,2574.894,2858.521,2913.622,2999.775,2836.535,2918.241,2976.77,2981.309,2980.32,2727.159,2625.874,2763.104,2621.952,2979.4719999999998,2773.487,2891.6910000000003,2718.4739999999997,2969.4069999999997,2963.3900000000003,2874.88,3052.4,2666.147,2622.63,2995.5930000000003,2666.853,2768.357,2897.342,2983.106,2776.4680000000003,2876.648,2798.6969999999997,2500.8160000000003,2982.512,2547.9959999999996,2463.199,2515.7,2453.0299999999997,2529.2059999999997,2321.756,2612.378,2576.69,2841.267,2960.9700000000003,2788.269,2966.38,2672.537,2404.2039999999997,2868.134,2611.5260000000003,2887.216,2927.012,2952.183,2673.0449999999996,2852.2920000000004,2981.321,2986.492,3095.382,3075.159,2867.874,2913.796,2765.939,3113.1839999999997,2994.53,2724.4719999999998,2969.8239999999996,3086.315,2914.206,3080.824,3223.5190000000002,2911.253,2708.686,3020.806,2746.747,2877.683,2970.006,2826.295,2882.544,2504.754,2536.573,2394.487,2690.47,2656.803,2461.766,2740.451,2772.437,2722.125,1929.293,2255.698,2148.399,2626.427,2759.058,2645.379,2853.744,3017.509,2944.336,3022.874,2867.058,2801.841,3037.1,3125.149,3068.51,3091.223,3203.383,3107.897,2968.449,3133.901,2643.682,2937.003,2721.969,3000.046,2946.67,2985.381,2933.027,2845.561,2889.893,2786.556,2907.374,2636.321,2499.694,2728.997,2468.969,2722.24,2768.181,2789.967,2571.168,2737.343,2760.886,2585.646,2645.469,2722.332,2528.977,2732.632,2775.033,2773.146,2711.574,2576.464,2850.48,3100.107,3005.301,2894.263,3070.396,2781.43,2609.369,2769.952,2675.986,2881.835,2644.864,2705.611,2833.962,2802.571,2870.446,2814.361,2988.408,2799.992,2558.686
Laminados / Rolled Products (*),2051.441,1942.836,2194.384,2211.587,2354.716,2284.417,2252.236,2257.548,2181.567,2309.355,2199.432,2023.608,2026.777,1998.324,2279.064,2210.691,2087.139,1972.757,2100.286,2099.596,2166.998,2192.785,2041.7200000000003,1729.2179999999998,2007.8319999999999,1997.281,2160.704,2049.095,1909.18,1849.641,1925.129,1846.621,1672.3809999999999,1888.953,1844.0010000000002,1520.279,1629.1770000000001,1715.426,1770.338,1650.104,1744.087,1789.824,1929.252,1902.5410000000002,1827.894,1953.0349999999999,1793.637,1415.476,1798.843,1722.313,1962.526,1905.871,1836.3829999999998,1820.0079999999998,1872.955,1963.1480000000001,1881.4950000000001,2125.5860000000002,2009.385,1791.687,1922.323,1861.356,2129.796,2038.392,2026.739,1918.374,1947.124,1906.043,2106.905,2128.201,2053.58,1656.851,1906.685,1865.0859999999998,2060.0969999999998,1941.502,2010.469,1801.0140000000001,1894.3120000000001,1895.4430000000002,1969.295,1886.739,1774.3980000000001,1482.443,2042.982,1898.458,1902.5589999999997,1278.48,1432.067,1549.992,1656.616,1846.3600000000001,1972.024,2176.778,1955.5059999999999,2095.4579999999996,2145.117,2064.048,2082.349,2225.375,2413.377,2229.776,2263.64,2303.741,2171.131,2160.9,1938.687,1756.633,2016.547,1878.169,2132.596,2012.479,1995.1509999999998,1936.7939999999999,2147.631,2110.927,1860.3890000000001,2008.772,1910.813,1423.7669999999998,1837.123,1769.962,1874.0990000000002,1921.1240000000003,1895.671,1621.779,1925.452,1881.5159999999998,1832.5009999999997,1823.862,1814.418,1653.117,2012.813,1872.171,1967.86,1942.408,1896.328,1884.487,2160.762,2100.89,2072.806,2127.079,1952.26,1702.2579999999998,1953.364,1844.726,2042.231,2012.514,2015.341,1990.566,1988.054,1979.6219999999998,1971.489,1997.846,2010.9560000000001,1473.8220000000001
Planos / Flat Products,1202.482,1144.078,1261.646,1233.065,1311.414,1285.362,1251.395,1270.671,1229.652,1321.82,1218.682,1283.216,1140.996,1100.992,1276.136,1269.228,1124.949,1134.225,1208.822,1201.187,1252.248,1247.3,1157.948,1114.696,1225.941,1131.115,1289.701,1182.665,1067.229,1140.268,1135.752,1022.541,1003.582,1056.732,1059.199,1073.604,948.866,973.514,1009.634,855.866,916.127,969.087,1111.316,1072.652,1088.556,1191.252,1110.676,1025.699,1056.034,1028.093,1192.65,1156.664,1102.847,1083.197,1134.952,1209.019,1144.382,1282.848,1201.864,1094.607,1158.266,1087.979,1264.963,1221.747,1291.278,1134.386,1143.202,1087.031,1292.661,1267.632,1232.555,1075.054,1105.847,1029.166,1240.485,1163.309,1212.235,1061.634,1163.343,1087.796,1166.646,1058.362,1015.708,941.227,1225.067,1092.903,1081.677,833.669,753.579,879.43,828.746,997.552,1096.683,1257.043,1072.75,1236.552,1261.494,1210.624,1196.688,1308.472,1427.807,1295.967,1303.499,1329.501,1299.139,1234.9,1106.71,1174.693,1219.33,1086.303,1222.706,1161.401,1106.673,1107.579,1215.735,1223.357,1079.429,1146.835,1116.39,947.098,1070.645,991.941,1018.114,1056.679,1081.573,888.597,1125.298,1117.254,1117.206,981.793,1060.687,1085.923,1202.76,1068.085,1123.282,1108.884,1102.304,1086.826,1250.38,1184.386,1188.127,1195.055,1022.891,1048.78,1135.293,1038.395,1148.143,1168.752,1191.469,1156.325,1152.961,1121.444,1136.821,1113.948,1163.009,980.453
Longos / Long Products,848.959,798.758,932.738,978.522,1043.302,999.055,1000.841,986.877,951.915,987.535,980.75,740.392,885.781,897.332,1002.928,941.463,962.19,838.532,891.464,898.409,914.75,945.485,883.772,614.522,781.891,866.166,871.003,866.43,841.951,709.373,789.377,824.08,668.799,832.221,784.802,446.675,680.311,741.912,760.704,794.238,827.96,820.737,817.936,829.889,739.338,761.783,682.961,389.777,742.809,694.22,769.876,749.207,733.536,736.811,738.003,754.129,737.113,842.738,807.521,697.08,764.057,773.377,864.833,816.645,735.461,783.988,803.922,819.012,814.244,860.569,821.025,581.797,800.838,835.92,819.612,778.193,798.234,739.38,730.969,807.647,802.649,828.377,758.69,541.216,817.915,805.555,820.882,444.811,678.488,670.562,827.87,848.808,875.341,919.735,882.756,858.906,883.623,853.424,885.661,916.903,985.57,933.809,960.141,974.24,871.992,926.0,831.977,581.94,797.217,791.866,909.89,851.078,888.478,829.215,931.896,887.57,780.96,861.937,794.423,476.669,766.478,778.021,855.985,864.445,814.098,733.182,800.154,764.262,715.295,842.069,753.731,567.194,810.053,804.086,844.578,833.524,794.024,797.661,910.382,916.504,884.679,932.024,929.369,653.478,818.071,806.331,894.088,843.762,823.872,834.241,835.093,858.178,834.668,883.898,847.947,493.369
"Semiacabados P/ Vendas /
Semifinished Products for Sale (*)",470.37100000000004,480.793,550.726,459.709,442.191,330.286,478.819,500.976,514.021,457.783,448.41999999999996,498.73,387.886,442.174,457.37300000000005,442.41700000000003,524.344,644.942,612.653,692.87,667.707,747.2629999999999,628.1110000000001,755.085,536.583,582.265,511.486,656.809,849.029,860.537,903.537,900.6669999999999,812.986,812.01,822.526,868.9839999999999,707.5329999999999,615.9259999999999,767.077,678.9200000000001,805.346,706.315,777.035,925.698,803.311,824.806,732.0590000000001,1090.1000000000001,780.288,698.168,848.804,852.862,740.1220000000001,766.441,727.996,872.376,898.2560000000001,964.266,837.178,993.5360000000001,814.566,713.823,847.0749999999999,780.9050000000001,797.997,804.408,921.289,894.393,769.946,905.077,772.453,894.764,737.094,702.625,832.43,787.0129999999999,650.597,846.6070000000001,709.405,604.466,670.175,619.138,784.755,872.904,605.023,711.6410000000001,749.038,599.426,629.6740000000001,712.593,774.854,627.664,456.267,658.083,709.427,616.163,621.826,558.002,699.4639999999999,640.201,797.1750000000001,802.287,682.6809999999999,748.142,695.066,676.971,871.418,867.706,796.741,609.866,682.8520000000001,809.502,619.403,758.6450000000001,510.034,577.883,675.298,677.81,604.6550000000001,752.5500000000001,860.714,785.0390000000001,630.235,774.991,939.5609999999999,954.87,716.3240000000001,824.6270000000001,675.17,851.433,798.8389999999999,826.6709999999999,720.6070000000001,759.028,777.3580000000001,579.0310000000001,697.3789999999999,841.8580000000001,893.8199999999999,805.4350000000001,794.274,751.671,836.171,791.635,643.39,619.545,807.999,509.28,684.887,729.9000000000001,727.038,661.443,779.7330000000001,796.908,856.177,976.9259999999999
Placas / Slabs,394.66,417.568,435.452,386.75,346.131,266.185,367.807,395.244,423.621,387.633,376.777,416.16,365.396,383.793,430.706,425.209,482.619,562.467,575.862,649.126,638.58,710.636,581.743,702.134,477.325,510.87,455.843,556.547,765.073,717.855,752.958,798.391,737.379,768.408,705.174,736.584,556.483,471.859,637.764,573.34,713.708,578.23,676.834,821.081,717.527,708.99,589.33,849.44,705.1,592.944,707.785,713.882,678.988,639.075,647.034,757.221,788.893,799.858,742.096,845.97,684.172,600.494,734.387,682.2,719.444,738.355,846.45,803.256,675.592,825.845,692.651,758.217,646.051,632.475,732.789,711.425,592.036,737.378,605.553,522.745,561.404,551.69,712.789,723.3,582.51,689.522,690.403,570.774,606.988,606.447,701.892,581.795,412.477,592.275,691.755,572.893,597.354,538.74,669.159,585.053,750.017,727.054,612.477,696.604,636.62,596.275,796.275,764.693,738.747,535.777,571.58,727.058,511.484,687.738,484.265,538.738,632.235,631.173,559.748,709.109,778.402,751.964,572.046,725.978,879.718,909.827,682.576,760.778,636.505,784.682,717.703,767.512,646.157,708.214,697.975,540.854,667.3,787.753,839.712,751.104,706.466,706.452,785.899,709.97,608.885,552.968,750.472,487.38,645.29,693.118,689.352,591.183,706.73,759.975,798.235,892.218
"Blocos e Tarugos / Ingots, Blooms and Billets",75.711,63.225,115.274,72.959,96.06,64.101,111.012,105.732,90.4,70.15,71.643,82.57,22.49,58.381,26.667,17.208,41.725,82.475,36.791,43.744,29.127,36.627,46.368,52.951,59.258,71.395,55.643,100.262,83.956,142.682,150.579,102.276,75.607,43.602,117.352,132.4,151.05,144.067,129.313,105.58,91.638,128.085,100.201,104.617,85.784,115.816,142.729,240.66,75.188,105.224,141.019,138.98,61.134,127.366,80.962,115.155,109.363,164.408,95.082,147.566,130.394,113.329,112.688,98.705,78.553,66.053,74.839,91.137,94.354,79.232,79.802,136.547,91.043,70.15,99.641,75.588,58.561,109.229,103.852,81.721,108.771,67.448,71.966,149.604,22.513,22.119,58.635,28.652,22.686,106.146,72.962,45.869,43.79,65.808,17.672,43.27,24.472,19.262,30.305,55.148,47.158,75.233,70.204,51.538,58.446,80.696,75.143,103.013,57.994,74.089,111.272,82.444,107.919,70.907,25.769,39.145,43.063,46.637,44.907,43.441,82.312,33.075,58.189,49.013,59.843,45.043,33.748,63.849,38.665,66.751,81.136,59.159,74.45,50.814,79.383,38.177,30.079,54.105,54.108,54.331,87.808,45.219,50.272,81.665,34.505,66.577,57.527,21.9,39.597,36.782,37.686,70.26,73.003,36.933,57.942,84.708
Ferro-Gusa / Pig Iron,2178.041,1999.501,2157.547,2239.881,2240.067,2123.028,2213.095,2308.4,2244.132,2247.802,2055.209,2193.517,2102.952,1949.064,2238.002,2076.291,2181.888,2203.266,2357.12,2441.311,2418.174,2434.747,2162.414,2451.077,2500.763,2172.337,2278.778,2372.167,2452.68,2343.848,2378.113,2365.971,2212.049,2445.078,2170.263,2292.573,2123.33,1936.566,2097.748,1854.489,2115.0,2149.622,2361.876,2391.591,2296.826,2482.535,2320.969,2214.319,2293.366,2073.46,2375.179,2409.201,2497.984,2285.293,2337.139,2461.266,2441.65,2494.033,2470.478,2432.557,2375.799,2176.177,2448.406,2361.357,2246.431,2379.624,2483.175,2360.514,2535.17,2560.752,2350.187,2440.958,2451.106,2200.532,2355.977,2382.641,2295.396,2277.06,1879.477,1926.313,1906.233,2193.394,2179.277,2232.93,2184.244,2171.414,2095.206,1763.846,1723.938,1687.461,2004.033,2138.598,2003.657,2168.476,2347.576,2355.48,2431.003,2251.568,2179.484,2322.745,2415.616,2383.874,2470.382,2538.154,2483.77,2281.869,2413.162,2338.453,2309.389,2105.566,2282.074,2335.645,2269.757,2296.736,2173.982,2234.425,2174.346,2293.918,2114.857,2222.621,2212.518,2015.438,2155.534,2149.724,2199.877,2049.716,2167.393,2123.295,2156.705,2082.951,2210.101,2195.358,2120.827,2116.854,2235.06,2075.679,2089.617,2251.583,2375.872,2302.415,2221.29,2331.065,2158.243,2229.691,2194.741,2053.654,2242.85,2078.591,2121.155,2239.382,2188.539,2220.661,2172.171,2308.804,2194.812,2231.537
Vendas Internas / Domestic Sales (*),1905.8190000000002,1791.6190000000001,2062.8650000000002,2074.205,2193.013,2123.3329999999996,2095.949,2226.363,2111.765,2140.9469999999997,1940.644,1720.766,1842.849,1873.26,1985.5239999999997,1879.424,1962.5870000000002,1628.668,1848.836,1720.005,1867.21,1912.825,1667.745,1519.386,1677.2500000000002,1565.4309999999998,1933.6860000000001,1549.627,1523.1850000000002,1476.7889999999998,1432.848,1575.806,1488.039,1453.2150000000001,1371.9560000000001,1125.269,1246.131,1292.172,1496.566,1403.563,1390.6039999999998,1508.923,1415.103,1505.2640000000001,1504.012,1409.714,1385.566,1270.348,1264.586,1271.493,1519.005,1232.5269999999998,1432.133,1518.771,1456.869,1577.998,1572.888,1496.794,1469.0799999999997,1435.252,1472.82,1465.818,1635.628,1543.079,1185.649,1817.595,1675.67,1758.747,1708.31,1649.072,1587.955,1419.431,1443.115,1519.6789999999999,1665.496,1516.2820000000002,1556.8480000000002,1578.172,1564.081,1637.925,1612.146,1653.774,1623.963,1427.462,1546.72,1567.1200000000001,1511.75,991.46,1216.707,1571.4470000000001,1761.767,1777.3870000000002,1887.468,1941.8880000000001,1848.7060000000001,1839.565,1938.4180000000001,1883.565,2074.47,1926.9519999999998,2105.8830000000003,2080.256,1899.06,1871.964,1818.833,1677.172,1615.964,1410.371,1485.6380000000001,1563.503,1861.4399999999998,1751.33,1778.6399999999999,1767.435,1741.955,1824.69,1827.849,1703.31,1641.088,1379.2820000000002,1588.215,1469.5359999999998,1822.478,1584.433,1703.964,1639.4319999999998,1613.771,1716.394,1657.803,1650.9160000000002,1626.346,1463.505,1617.7759999999998,1579.8429999999998,1698.2569999999998,1739.4089999999999,1722.294,1841.4689999999998,1911.0100000000002,1959.33,1904.3239999999998,1940.6689999999996,1811.99,1552.897,1659.0330000000001,1666.694,1832.7069999999999,1677.18,1776.8600000000001,1865.689,1856.0720000000001,1825.9400000000003,1889.552,1814.1889999999999,1748.372,1592.2959999999998
Laminados / Rolled Products,1852.8310000000001,1754.21,2006.2250000000004,2010.304,2129.468,2079.9809999999998,2043.6450000000002,2182.214,2054.0409999999997,2085.0969999999998,1895.001,1686.46,1816.143,1842.567,1944.9139999999998,1847.75,1922.9850000000001,1600.819,1813.531,1691.625,1825.645,1865.536,1633.743,1494.297,1651.8690000000001,1542.8899999999999,1898.632,1517.759,1492.4270000000001,1449.8139999999999,1413.675,1556.963,1459.21,1426.217,1337.143,1104.998,1223.693,1265.917,1461.471,1368.6100000000001,1359.4769999999999,1471.127,1374.105,1463.836,1454.176,1372.437,1345.973,1245.149,1241.754,1246.291,1488.3980000000001,1205.869,1393.272,1497.36,1426.965,1540.424,1533.451,1458.124,1426.8379999999997,1405.959,1430.7559999999999,1424.562,1591.5459999999998,1507.704,1168.877,1791.594,1641.567,1715.4740000000002,1648.2559999999999,1612.312,1548.364,1386.8,1404.886,1491.503,1640.893,1486.786,1526.246,1540.0430000000001,1538.126,1615.588,1592.627,1639.5549999999998,1604.529,1409.594,1525.173,1538.104,1484.279,975.364,1195.5,1545.209,1730.304,1750.227,1865.326,1905.911,1810.853,1802.0030000000002,1916.393,1858.179,2040.223,1899.8249999999998,2075.851,2048.828,1859.7069999999999,1834.35,1792.135,1649.709,1588.364,1386.3870000000002,1466.806,1538.993,1826.6589999999999,1723.358,1744.812,1721.858,1722.855,1801.726,1801.607,1674.7069999999999,1609.357,1351.036,1556.762,1440.964,1803.116,1566.185,1665.995,1606.8029999999999,1584.694,1692.402,1635.226,1630.6080000000002,1606.218,1438.623,1591.2889999999998,1544.312,1651.899,1712.713,1698.0140000000001,1813.8449999999998,1878.5130000000001,1935.6129999999998,1873.964,1910.2149999999997,1784.412,1522.096,1635.451,1644.67,1809.484,1656.598,1761.855,1846.9270000000001,1844.4840000000002,1806.6460000000002,1871.149,1785.185,1712.3790000000001,1526.3449999999998
Planos / Flat Products,1088.1460000000002,1019.5310000000001,1141.4550000000002,1137.847,1228.2969999999998,1225.625,1147.7250000000001,1220.747,1183.966,1174.449,1082.22,1031.811,1044.835,1021.66,1106.6909999999998,1072.466,1079.7,894.131,1006.133,894.174,1000.5530000000001,1006.8980000000001,878.0930000000001,850.74,941.8420000000001,878.75,1070.924,821.8,797.745,773.056,721.249,832.615,778.47,774.995,753.575,641.952,678.578,711.0709999999999,833.0110000000001,727.64,754.8489999999999,815.221,781.198,845.085,859.481,837.564,812.7570000000001,744.842,738.831,708.367,890.8580000000001,673.675,824.054,894.3349999999999,832.485,928.534,862.221,824.408,853.2489999999999,910.84,828.287,843.547,967.602,893.172,648.503,1076.421,977.3969999999999,1003.5740000000001,954.211,978.7239999999999,966.094,892.8499999999999,781.6410000000001,890.0,1000.136,869.649,902.256,933.434,877.856,935.818,913.579,956.189,929.722,848.7810000000001,900.561,895.2,881.16,499.961,611.912,825.812,916.575,967.263,1097.182,1094.98,1040.575,1082.852,1140.177,1083.554,1218.463,1091.329,1207.759,1184.134,1031.455,1025.221,1028.027,926.917,893.154,800.687,830.942,896.167,1035.647,956.185,968.63,985.924,972.403,1042.971,1051.066,990.944,926.177,839.128,930.252,830.613,1001.848,913.171,962.699,915.963,916.548,960.544,952.561,952.613,937.863,880.184,963.0219999999999,901.5609999999999,963.59,996.393,991.306,1064.0629999999999,1077.2250000000001,1111.441,1127.9,1116.8229999999999,1047.185,945.7729999999999,972.302,964.907,1073.383,951.609,1015.4269999999999,1091.613,1037.4370000000001,1045.074,1076.8449999999998,1035.642,1028.909,960.81
Longos / Long Products,764.685,734.679,864.7700000000001,872.457,901.171,854.356,895.9200000000001,961.467,870.0749999999999,910.6479999999999,812.781,654.649,771.308,820.907,838.223,775.284,843.2850000000001,706.6880000000001,807.398,797.451,825.092,858.6379999999999,755.65,643.557,710.0269999999999,664.14,827.708,695.959,694.682,676.7579999999999,692.4259999999999,724.348,680.74,651.222,583.568,463.046,545.115,554.846,628.4599999999999,640.97,604.6279999999999,655.906,592.9069999999999,618.751,594.695,534.873,533.216,500.30699999999996,502.923,537.924,597.54,532.194,569.2180000000001,603.025,594.4799999999999,611.89,671.23,633.716,573.5889999999999,495.11899999999997,602.4689999999999,581.015,623.944,614.5319999999999,520.374,715.173,664.1700000000001,711.9,694.045,633.5880000000001,582.27,493.95,623.245,601.5029999999999,640.757,617.1370000000001,623.99,606.609,660.27,679.77,679.048,683.366,674.807,560.813,624.612,642.904,603.119,475.403,583.588,719.397,813.729,782.964,768.144,810.931,770.278,719.151,776.216,774.625,821.76,808.496,868.092,864.694,828.252,809.129,764.108,722.792,695.21,585.7,635.864,642.826,791.012,767.173,776.182,735.934,750.452,758.755,750.541,683.763,683.18,511.908,626.51,610.351,801.268,653.014,703.296,690.84,668.146,731.858,682.665,677.995,668.355,558.439,628.2669999999999,642.751,688.309,716.3199999999999,706.708,749.782,801.288,824.1719999999999,746.064,793.3919999999999,737.2270000000001,576.323,663.149,679.7629999999999,736.101,704.9889999999999,746.428,755.314,807.047,761.572,794.304,749.543,683.47,565.535
"Semiacabados P/ Vendas /
Semifinished Products for Sale",52.988,37.409,56.64,63.900999999999996,63.545,43.352000000000004,52.304,44.149,57.724000000000004,55.849999999999994,45.643,34.306,26.706000000000003,30.692999999999998,40.61,31.674,39.602,27.849,35.305,28.38,41.565,47.289,34.002,25.089,25.381,22.541,35.054,31.868000000000002,30.758000000000003,26.975,19.173000000000002,18.843,28.829,26.998,34.813,20.271,22.438000000000002,26.255000000000003,35.095,34.953,31.127000000000002,37.796,40.998,41.428,49.836,37.277,39.593,25.199,22.832,25.201999999999998,30.607,26.658,38.861,21.411,29.904,37.574,39.437,38.67,42.242000000000004,29.293000000000003,42.064,41.256,44.082,35.375,16.772,26.000999999999998,34.103,43.272999999999996,60.054,36.760000000000005,39.591,32.631,38.229,28.176,24.603,29.496000000000002,30.601999999999997,38.129000000000005,25.955,22.337,19.519,14.219000000000001,19.434,17.868000000000002,21.547,29.016,27.471,16.096,21.207,26.238,31.463,27.159999999999997,22.142,35.977000000000004,37.853,37.562,22.025,25.386000000000003,34.247,27.127,30.032,31.428,39.353,37.614,26.698,27.463,27.6,23.983999999999998,18.832,24.509999999999998,34.781000000000006,27.972,33.828,45.577,19.1,22.964,26.241999999999997,28.603,31.731,28.246000000000002,31.453000000000003,28.572,19.362000000000002,18.247999999999998,37.968999999999994,32.629,29.076999999999998,23.992,22.576999999999998,20.308,20.128,24.881999999999998,26.487000000000002,35.531,46.358000000000004,26.695999999999998,24.28,27.624000000000002,32.497,23.717,30.36,30.454,27.578000000000003,30.801000000000002,23.582,22.024,23.223,20.582,15.004999999999999,18.762,11.588000000000001,19.294,18.403,29.004,35.993,65.951
Placas / Slabs,31.043,19.015,28.417,38.753,23.967,15.375,21.042,20.405,26.662,27.578,22.1,18.803,17.652,20.467,24.727,21.411,25.566,13.313,17.185,16.171,26.77,32.839,20.012,14.428,14.973,13.084,22.756,17.259,21.934,19.073,15.771,12.17,20.265,19.245,27.632,17.388,14.929,15.724,16.905,16.841,14.056,18.373,19.182,19.395,19.551,9.402,6.832,8.457,12.337,13.119,12.78,6.634,9.623,7.662,13.776,15.92,15.105,16.154,11.686,7.78,7.723,5.687,8.982,6.762,3.468,10.312,11.74,17.299,16.842,10.884,16.808,10.07,8.497,13.447,11.581,13.88,14.272,20.719,14.361,11.118,8.897,6.066,11.737,7.391,10.614,12.366,15.863,8.379,12.203,17.623,10.342,9.213,7.375,11.839,13.547,11.1,8.503,9.444,14.507,14.206,11.171,9.107,16.324,13.934,11.749,13.863,11.34,5.436,7.078,11.33,18.76,9.713,13.533,21.263,7.583,10.754,12.747,13.886,19.593,16.552,22.411,15.921,5.891,4.401,16.141,21.583,19.868,11.957,12.338,10.361,11.479,11.984,15.522,21.71,29.334,14.313,9.329,12.211,10.716,8.166,10.405,13.113,10.028,18.19,13.035,7.978,10.041,7.252,7.306,9.585,2.954,11.31,10.727,16.181,27.07,60.479
"Blocos e Tarugos / Ingots, Blooms and Billets",21.945,18.394,28.223,25.148,39.578,27.977,31.262,23.744,31.062,28.272,23.543,15.503,9.054,10.226,15.883,10.263,14.036,14.536,18.12,12.209,14.795,14.45,13.99,10.661,10.408,9.457,12.298,14.609,8.824,7.902,3.402,6.673,8.564,7.753,7.181,2.883,7.509,10.531,18.19,18.112,17.071,19.423,21.816,22.033,30.285,27.875,32.761,16.742,10.495,12.083,17.827,20.024,29.238,13.749,16.128,21.654,24.332,22.516,30.556,21.513,34.341,35.569,35.1,28.613,13.304,15.689,22.363,25.974,43.212,25.876,22.783,22.561,29.732,14.729,13.022,15.616,16.33,17.41,11.594,11.219,10.622,8.153,7.697,10.477,10.933,16.65,11.608,7.717,9.004,8.615,21.121,17.947,14.767,24.138,24.306,26.462,13.522,15.942,19.74,12.921,18.861,22.321,23.029,23.68,14.949,13.6,16.26,18.548,11.754,13.18,16.021,18.259,20.295,24.314,11.517,12.21,13.495,14.717,12.138,11.694,9.042,12.651,13.471,13.847,21.828,11.046,9.209,12.035,10.239,9.947,8.649,12.898,10.965,13.821,17.024,12.383,14.951,15.413,21.781,15.551,19.955,17.341,17.55,12.611,10.547,14.046,13.182,13.33,7.699,9.177,8.634,7.984,7.676,12.823,8.923,5.472
Vendas Externas / Foreign Market (**),717.366,628.682,748.1990000000001,596.758,491.64699999999993,554.775,443.421,590.543,663.2719999999999,543.213,600.0039999999999,758.04,557.823,548.9369999999999,640.774,605.473,522.687,946.2589999999999,711.606,834.771,1210.6,843.309,946.7090000000001,1236.257,777.575,807.768,919.181,753.26,1075.299,1400.961,1157.875,1305.597,1596.406,815.854,1109.7730000000001,1632.3919999999998,832.9649999999999,892.188,1216.425,888.0060000000001,1217.086,1103.175,963.053,1026.91,1157.016,1052.01,1159.755,1527.016,1030.124,1125.821,1148.8319999999999,1165.89,1238.863,1221.147,1151.5,1188.687,1445.252,1363.4470000000001,1270.646,1402.5389999999998,1199.355,934.1270000000001,1228.267,1063.113,1251.1950000000002,1051.28,1217.952,1121.432,1176.047,1172.708,1157.145,1544.443,1117.343,936.576,1026.194,1026.8449999999998,1021.1959999999999,1241.5500000000002,864.672,1013.0659999999999,1018.0459999999999,928.722,1024.359,1174.968,787.3530000000001,914.328,986.266,733.8990000000001,966.713,1002.8340000000001,888.635,841.0840000000001,627.787,791.171,660.048,920.5350000000001,560.509,657.043,918.678,646.381,934.7760000000001,957.2779999999999,648.954,932.3439999999999,928.9090000000001,984.227,1086.933,1440.24,1214.958,922.517,1217.504,1022.925,873.489,1192.667,620.0749999999999,945.3040000000001,820.99,876.056,732.408,913.414,891.473,1064.326,937.614,938.076,1057.8049999999998,1043.766,896.338,892.413,913.126,1002.137,960.359,993.953,913.34,889.9259999999999,871.451,810.4259999999999,857.8689999999999,851.54,1069.238,1059.8200000000002,895.163,796.884,947.864,877.949,780.9460000000001,756.838,876.172,651.165,751.56,1051.587,758.8679999999999,861.521,1023.9090000000001,858.919,1101.266,1196.017
Laminados / Rolled Products,248.626,264.274,257.783,194.73399999999998,172.323,255.27499999999998,141.38299999999998,172.692,190.70999999999998,147.677,195.928,332.949,203.309,164.44099999999997,203.554,164.406,182.091,295.375,198.3,265.909,401.18899999999996,301.03000000000003,372.45,487.967,267.735,261.556,372.163,291.283,368.3,500.466,422.58599999999996,495.57099999999997,522.81,344.166,414.297,501.53200000000004,244.819,339.55600000000004,434.599,309.046,372.68399999999997,439.557,407.63,338.913,467.783,313.28499999999997,437.932,543.894,302.685,366.112,359.547,390.002,420.709,445.01300000000003,402.98199999999997,507.962,513.162,448.063,534.3009999999999,496.92099999999994,370.592,284.16200000000003,431.87800000000004,325.626,417.35,335.225,410.474,321.79,378.174,267.93100000000004,496.63,478.55899999999997,332.06100000000004,256.25600000000003,424.091,307.927,363.535,388.788,225.19,328.188,364.56399999999996,384.351,247.84500000000003,248.425,212.87,233.198,318.678,213.074,239.72299999999998,294.007,187.868,183.65800000000002,228.678,172.296,176.131,200.642,124.904,140.636,155.462,113.558,158.868,183.515,132.207,242.053,260.35,341.1,399.164,424.056,373.301,375.368,322.523,369.597,299.181,368.339,223.201,326.599,248.317,142.14,117.125,272.295,151.911,207.80200000000002,342.171,221.68200000000002,154.851,206.221,139.787,165.438,148.748,196.801,161.874,213.84699999999998,131.317,229.213,168.556,163.457,138.363,146.6,201.635,187.894,140.997,129.16899999999998,141.03699999999998,181.367,120.531,274.155,172.20499999999996,101.77200000000009,100.98000000000002,181.11900000000006,153.17099999999996,133.48499999999999,229.31300000000005,162.50900000000001,247.20800000000006,259.95699999999994
Planos / Flat Products,178.471,159.736,178.049,98.464,87.111,159.878,68.841,70.028,79.065,64.469,108.985,223.571,109.857,73.082,109.212,56.836,89.792,183.435,123.623,159.054,313.818,226.354,274.642,354.319,191.913,182.861,258.922,229.307,246.77,392.487,309.126,387.157,346.115,257.49,332.415,365.331,179.57,242.026,284.75,198.036,221.495,227.071,242.637,198.169,321.096,175.115,302.327,366.585,216.922,223.764,211.995,239.562,288.486,292.42,245.611,320.292,324.409,279.082,335.625,298.155,238.659,145.613,229.787,195.186,276.623,183.353,255.516,150.062,232.919,125.815,334.136,280.132,156.984,112.956,245.759,162.523,226.116,185.785,66.706,174.589,216.926,252.901,158.997,120.441,147.927,135.181,198.777,129.048,109.749,178.054,117.153,95.121,111.997,92.981,65.705,75.552,56.711,79.576,62.592,55.218,83.343,94.408,61.667,156.917,175.599,237.608,265.059,292.292,247.225,253.968,147.232,220.202,160.974,235.724,132.714,211.722,135.787,69.276,46.935,158.937,79.415,118.033,210.714,88.972,33.385,94.172,53.009,76.82,67.248,96.082,70.869,132.88,69.349,127.241,69.528,63.091,60.686,49.791,112.313,84.225,34.815,31.887,60.583,55.769,73.58,185.15099999999995,50.073999999999955,34.43400000000008,32.249000000000024,80.49800000000005,55.08299999999997,54.64999999999998,113.65700000000004,89.81600000000003,152.68500000000006,106.62299999999993
Longos / Long Products,70.155,104.538,79.734,96.27,85.212,95.397,72.542,102.664,111.645,83.208,86.943,109.378,93.452,91.359,94.342,107.57,92.299,111.94,74.677,106.855,87.371,74.676,97.808,133.648,75.822,78.695,113.241,61.976,121.53,107.979,113.46,108.414,176.695,86.676,81.882,136.201,65.249,97.53,149.849,111.01,151.189,212.486,164.993,140.744,146.687,138.17,135.605,177.309,85.763,142.348,147.552,150.44,132.223,152.593,157.371,187.67,188.753,168.981,198.676,198.766,131.933,138.549,202.091,130.44,140.727,151.872,154.958,171.728,145.255,142.116,162.494,198.427,175.077,143.3,178.332,145.404,137.419,203.003,158.484,153.599,147.638,131.45,88.848,127.984,64.943,98.017,119.901,84.026,129.974,115.953,70.715,88.537,116.681,79.315,110.426,125.09,68.193,61.06,92.87,58.34,75.525,89.107,70.54,85.136,84.751,103.492,134.105,131.764,126.076,121.4,175.291,149.395,138.207,132.615,90.487,114.877,112.53,72.864,70.19,113.358,72.496,89.769,131.457,132.71,121.466,112.049,86.778,88.618,81.5,100.719,91.005,80.967,61.968,101.972,99.028,100.366,77.677,96.809,89.322,103.669,106.182,97.282,80.454,125.598,46.95100000000001,89.004,122.131,67.33800000000001,68.731,100.62100000000001,98.088,78.83500000000001,115.656,72.693,94.523,153.334
"Semiacabados P/ Vendas /
Semifinished Products for Sale",468.74,364.408,490.416,402.024,319.32399999999996,299.5,302.038,417.851,472.562,395.536,404.07599999999996,425.091,354.514,384.496,437.21999999999997,441.067,340.596,650.8839999999999,513.306,568.862,809.4110000000001,542.279,574.259,748.29,509.84,546.212,547.018,461.977,706.999,900.495,735.289,810.026,1073.596,471.688,695.4760000000001,1130.86,588.146,552.632,781.826,578.96,844.402,663.6179999999999,555.423,687.9970000000001,689.2330000000001,738.725,721.823,983.122,727.439,759.709,789.285,775.888,818.154,776.134,748.518,680.725,932.09,915.384,736.345,905.6179999999999,828.763,649.965,796.389,737.4870000000001,833.845,716.055,807.4780000000001,799.642,797.8729999999999,904.777,660.515,1065.884,785.282,680.32,602.103,718.9179999999999,657.661,852.7620000000001,639.482,684.8779999999999,653.482,544.371,776.514,926.543,574.4830000000001,681.13,667.588,520.825,726.99,708.827,700.7669999999999,657.426,399.109,618.875,483.917,719.893,435.605,516.407,763.216,532.823,775.908,773.7629999999999,516.747,690.2909999999999,668.5590000000001,643.127,687.769,1016.1840000000001,841.657,547.149,894.981,653.328,574.308,824.328,396.87399999999997,618.705,572.673,733.916,615.283,641.119,739.562,856.524,595.443,716.394,902.954,837.545,756.5509999999999,726.975,764.3779999999999,805.336,798.485,780.106,782.023,660.713,702.895,646.9689999999999,719.506,704.9399999999999,867.6030000000001,871.926,754.166,667.715,806.827,696.582,660.4150000000001,482.683,703.9670000000001,549.3929999999999,650.5799999999999,870.468,605.697,728.036,794.596,696.41,854.058,936.0600000000001
Placas / Slabs,426.772,354.891,435.865,348.159,292.198,274.882,283.569,385.887,434.833,375.146,361.155,349.81,312.986,364.787,407.76,425.666,340.596,628.959,508.374,560.011,788.552,534.264,539.008,709.102,487.654,495.992,508.681,407.32,659.604,746.299,640.86,676.56,976.978,448.17,658.94,880.66,500.082,441.465,659.116,505.077,763.566,582.385,466.846,625.71,630.057,644.884,612.164,784.621,682.228,664.655,654.279,657.918,773.452,661.242,688.453,586.791,845.07,794.511,680.408,780.117,706.142,575.625,717.602,661.738,767.067,668.673,752.229,739.988,714.088,850.389,605.788,961.671,720.361,616.744,514.425,668.935,613.684,777.412,551.866,607.473,549.598,495.284,721.504,757.66,562.413,669.967,618.209,498.432,717.258,627.725,649.299,621.927,361.914,571.616,483.21,694.043,433.273,513.623,760.327,526.11,761.671,746.304,501.301,657.137,614.873,577.031,639.308,896.527,813.642,489.132,774.76,581.449,525.686,727.496,391.57,583.067,539.231,682.018,588.82,618.715,690.869,835.706,559.867,662.453,829.485,802.76,705.861,702.52,662.752,789.359,697.831,719.901,739.626,600.324,628.164,613.406,694.847,666.463,803.355,784.513,680.964,642.038,780.265,628.002,637.585,422.841,670.07,544.507,616.992,831.981,559.442,647.232,710.257,649.535,797.404,830.206
"Blocos e Tarugos / Ingots, Blooms and Billets",41.968,9.517,54.551,53.865,27.126,24.618,18.469,31.964,37.729,20.39,42.921,75.281,41.528,19.709,29.46,15.401,0.0,21.925,4.932,8.851,20.859,8.015,35.251,39.188,22.186,50.22,38.337,54.657,47.395,154.196,94.429,133.466,96.618,23.518,36.536,250.2,88.064,111.167,122.71,73.883,80.836,81.233,88.577,62.287,59.176,93.841,109.659,198.501,45.211,95.054,135.006,117.97,44.702,114.892,60.065,93.934,87.02,120.873,55.937,125.501,122.621,74.34,78.787,75.749,66.778,47.382,55.249,59.654,83.785,54.388,54.727,104.213,64.921,63.576,87.678,49.983,43.977,75.35,87.616,77.405,103.884,49.087,55.01,168.883,12.07,11.163,49.379,22.393,9.732,81.102,51.468,35.499,37.195,47.259,0.707,25.85,2.332,2.784,2.889,6.713,14.237,27.459,15.446,33.154,53.686,66.096,48.461,119.657,28.015,58.017,120.221,71.879,48.622,96.832,5.304,35.638,33.442,51.898,26.463,22.404,48.693,20.818,35.576,53.941,73.469,34.785,50.69,24.455,101.626,15.977,100.654,60.205,42.397,60.389,74.731,33.563,24.659,38.477,64.248,87.413,73.202,25.677,26.562,68.58,22.83,59.842,33.897,4.886,33.588,38.487,46.255,80.804,84.339,46.875,56.654,105.854
Comércio Exterior / Foreign Trade,,,,,,,,,,,,,,,,,,,,,,,,,,,,,,,,,,,,,,,,,,,,,,,,,,,,,,,,,,,,,,,,,,,,,,,,,,,,,,,,,,,,,,,,,,,,,,,,,,,,,,,,,,,,,,,,,,,,,,,,,,,,,,,,,,,,,,,,,,,,,,,,,,,,,,,,,,,,
Exportações / Exports,,,,,,,,,,,,,,,,,,,,,,,,,,,,,,,,,,,,,,,,,,,,,,,,,,,,,,,,,,,,,,,,,,,,,,,,,,,,,,,,,,,,,,,,,,,,,,,,,,,,,,,,,,,,,,,,,,,,,,,,,,,,,,,,,,,,,,,,,,,,,,,,,,,,,,,,,,,,
Laminados / Rolled Products,330.997,316.401,209.06400000000002,292.66200000000003,253.85499999999996,223.07799999999997,200.957,191.225,198.698,188.574,188.66199999999998,223.01799999999997,349.39300000000003,199.447,182.09499999999997,225.73200000000003,155.177,266.95899999999995,256.974,244.18200000000002,339.53299999999996,414.802,385.943,465.60800000000006,291.113,245.215,449.80500000000006,225.092,424.608,435.466,540.457,503.368,558.346,506.83500000000004,419.8960000000001,409.06,356.79400000000004,417.015,508.298,410.42500000000007,325.29200000000003,461.14700000000005,382.672,394.95400000000006,526.127,289.98300000000006,400.934,512.228,422.847,350.747,449.092,342.118,466.39000000000004,481.845,375.91999999999996,545.525,494.71799999999996,540.846,539.051,584.567,487.874,398.236,476.681,378.998,300.663,404.35,266.654,501.65999999999997,215.96800000000002,407.35299999999995,490.321,421.216,543.306,372.80899999999997,253.74599999999998,347.916,410.318,379.10299999999995,267.276,273.971,371.43000000000006,423.0179999999999,293.536,225.013,252.651,213.47000000000003,431.73699999999997,259.913,253.74,245.142,213.747,144.466,232.37900000000002,203.83499999999998,146.856,225.34599999999998,161.465,146.27,389.356,187.695,158.08999999999997,200.249,210.51,227.79899999999998,220.821,332.377,308.853,388.193,445.677,372.86199999999997,450.27599999999995,283.152,386.20400000000006,350.37199999999996,327.52299999999997,347.744,311.736,148.707,201.952,278.726,177.948,268.084,447.36400000000003,247.10600000000005,162.264,225.601,212.055,218.45499999999998,164.69799999999998,182.88000000000002,205.116,258.29200000000003,180.012,185.812,252.44799999999998,210.568,233.999,140.041,247.32599999999996,152.042,172.875,188.92999999999998,160.688,191.11,166.45600000000002,276.38,170.047,158.698,163.788,103.208,249.713,147.392,186.575,234.861,218.899,221.231
Planos / Flat Products,211.669,207.61100000000002,124.32500000000002,184.042,148.10099999999997,112.148,104.51199999999999,77.79799999999999,110.37100000000001,67.408,84.19,129.903,207.50799999999998,105.119,82.76099999999998,116.861,59.31999999999999,171.69099999999997,134.856,132.37,244.90499999999997,319.62600000000003,292.14,336.77000000000004,179.18,169.639,317.19100000000003,134.217,304.857,302.07300000000004,375.274,386.851,426.997,360.61,326.33500000000004,297.784,238.03500000000003,325.178,352.29299999999995,267.58000000000004,184.72,262.69800000000004,198.489,223.473,385.029,156.10300000000004,244.645,335.07099999999997,286.4,222.769,291.36299999999994,201.605,302.345,327.073,221.004,352.736,322.11299999999994,358.928,344.165,387.75100000000003,286.0,262.162,307.882,191.755,181.929,240.004,143.12900000000002,362.579,97.504,252.974,334.37,259.171,314.52000000000004,219.006,129.17499999999998,183.167,236.933,226.89999999999998,96.153,111.68199999999999,236.69600000000003,261.19199999999995,196.869,104.718,131.876,113.89800000000001,308.532,168.193,124.971,136.346,106.775,68.197,116.944,97.517,49.226,89.93799999999999,45.998,58.403,259.371,98.77199999999999,90.24799999999999,89.28599999999999,102.507,157.719,125.569,241.12,188.666,247.81300000000002,332.623,239.474,281.477,143.408,248.89300000000003,188.243,209.00099999999998,208.805,174.902,68.879,112.776,162.451,78.146,186.48600000000002,292.96700000000004,148.15400000000002,49.672,85.209,90.39399999999999,130.434,61.688,95.63400000000001,101.56400000000001,150.931,86.285,129.76,104.294,141.115,107.49,48.151,156.54999999999998,76.888,56.978,68.27699999999999,45.756,80.74300000000001,69.299,197.158,59.223,58.055,48.503,41.983,103.761,60.541,107.647,144.519,102.877,128.257
Longos / Long Products,119.32799999999999,108.78999999999999,84.73899999999999,108.62,105.754,110.92999999999999,96.44500000000001,113.427,88.327,121.166,104.472,93.115,141.88500000000002,94.32799999999999,99.334,108.87100000000001,95.857,95.268,122.118,111.812,94.628,95.176,93.803,128.838,111.933,75.576,132.614,90.875,119.75099999999999,133.393,165.183,116.517,131.34900000000002,146.22500000000002,93.561,111.276,118.759,91.837,156.00500000000002,142.845,140.572,198.449,184.18300000000002,171.48100000000002,141.09799999999998,133.88,156.28900000000002,177.157,136.447,127.97800000000001,157.729,140.513,164.04500000000002,154.77200000000002,154.916,192.78900000000002,172.60500000000002,181.918,194.886,196.81599999999997,201.874,136.074,168.79899999999998,187.243,118.734,164.346,123.525,139.081,118.464,154.379,155.951,162.045,228.786,153.803,124.571,164.749,173.385,152.203,171.12300000000002,162.28900000000002,134.734,161.826,96.667,120.295,120.77499999999999,99.572,123.205,91.72,128.769,108.796,106.972,76.269,115.435,106.318,97.63,135.408,115.467,87.867,129.98499999999999,88.923,67.842,110.96300000000001,108.003,70.08,95.252,91.257,120.187,140.38,113.054,133.388,168.799,139.744,137.311,162.129,118.52199999999999,138.939,136.834,79.828,89.176,116.275,99.802,81.598,154.39700000000002,98.95200000000001,112.592,140.392,121.661,88.021,103.00999999999999,87.24600000000001,103.552,107.361,93.727,56.05200000000001,148.154,69.453,126.509,91.89,90.776,75.154,115.89699999999999,120.65299999999999,114.932,110.367,97.157,79.222,110.824,100.643,115.285,61.225,145.952,86.851,78.928,90.342,116.022,92.974
"Semiacabados P/ Vendas /
Semifinished Products for Sale",601.86,498.926,509.507,524.697,353.76800000000003,319.883,267.459,391.06,433.96999999999997,562.144,433.605,376.57,455.11699999999996,428.16,381.332,424.283,389.757,466.45000000000005,643.247,531.626,817.191,631.51,567.28,559.154,778.021,443.054,575.558,407.815,676.201,779.934,927.48,790.078,991.716,709.147,488.135,1149.443,619.969,648.084,707.095,601.201,876.143,752.935,513.412,744.9010000000001,820.418,641.432,737.669,782.5219999999999,841.551,822.6039999999999,935.366,483.47700000000003,984.224,719.356,694.5690000000001,925.617,667.127,1024.353,760.6850000000001,898.6909999999999,864.45,635.379,715.6569999999999,719.258,452.489,1047.104,717.472,99.986,838.9069999999999,1415.214,823.7460000000001,865.641,1040.067,523.888,557.6940000000001,715.8499999999999,824.701,720.153,732.324,643.125,584.0759999999999,721.413,795.56,784.523,841.324,522.9330000000001,950.04,620.4630000000001,595.727,821.334,661.314,696.09,517.032,580.268,367.123,540.995,365.92400000000004,617.096,1004.259,641.8589999999999,585.7479999999999,751.5120000000001,615.2700000000001,636.006,723.628,480.156,654.702,966.721,732.28,577.587,825.844,820.265,643.415,702.384,633.06,541.3620000000001,529.51,758.349,607.897,663.828,772.08,680.754,778.893,588.764,923.406,962.0569999999999,611.5600000000001,720.443,668.201,907.0509999999999,748.982,581.6840000000001,755.9590000000001,503.45899999999995,647.422,528.905,481.28499999999997,517.3,1229.0439999999999,675.8810000000001,530.875,518.967,318.08,548.01,740.888,490.807,616.1089999999999,488.23400000000004,828.736,966.569,789.836,701.2180000000001,587.2760000000001,669.481,806.518,996.805
Placas / Slabs,547.595,453.566,471.095,462.41,321.5,271.33,235.836,355.317,382.671,529.098,406.171,353.34,395.823,406.458,339.65,395.951,378.524,457.333,633.583,521.674,806.051,628.193,563.247,542.585,753.342,429.517,543.596,389.118,666.964,725.285,832.566,757.59,952.672,667.09,464.566,1096.905,570.322,588.8,651.363,560.734,837.379,731.524,474.944,717.946,800.741,613.088,703.475,697.627,821.657,745.184,887.977,445.862,925.729,675.418,674.177,855.17,665.762,963.038,741.634,785.29,835.139,615.609,700.025,706.798,436.907,1034.478,689.177,99.385,821.829,1394.681,784.229,839.799,1000.694,482.618,530.364,692.069,812.933,717.165,705.64,616.41,538.483,699.792,785.328,740.874,831.448,516.094,907.674,612.71,592.125,790.035,617.014,627.734,479.68,570.678,366.613,540.198,363.961,617.055,997.961,638.944,580.78,733.312,608.224,616.688,695.969,472.63,634.79,881.055,704.336,567.349,804.106,760.215,605.193,688.678,631.188,539.321,524.215,755.548,592.375,658.889,739.739,665.256,774.339,584.506,917.867,959.204,600.643,717.617,657.775,905.333,724.172,575.566,729.863,488.256,622.717,525.446,473.445,514.939,1221.578,662.714,521.591,509.218,315.929,532.793,733.311,471.519,596.328,487.468,814.902,965.377,775.945,682.118,569.243,638.506,801.466,957.439
"Blocos e Tarugos / Ingots, Blooms and Billets",54.265,45.36,38.412,62.287,32.268,48.553,31.623,35.743,51.299,33.046,27.434,23.23,59.294,21.702,41.682,28.332,11.233,9.117,9.664,9.952,11.14,3.317,4.033,16.569,24.679,13.537,31.962,18.697,9.237,54.649,94.914,32.488,39.044,42.057,23.569,52.538,49.647,59.284,55.732,40.467,38.764,21.411,38.468,26.955,19.677,28.344,34.194,84.895,19.894,77.42,47.389,37.615,58.495,43.938,20.392,70.447,1.365,61.315,19.051,113.401,29.311,19.77,15.632,12.46,15.582,12.626,28.295,0.601,17.078,20.533,39.517,25.842,39.373,41.27,27.33,23.781,11.768,2.988,26.684,26.715,45.593,21.621,10.232,43.649,9.876,6.839,42.366,7.753,3.602,31.299,44.3,68.356,37.352,9.59,0.51,0.797,1.963,0.041,6.298,2.915,4.968,18.2,7.046,19.318,27.659,7.526,19.912,85.666,27.944,10.238,21.738,60.05,38.222,13.706,1.872,2.041,5.295,2.801,15.522,4.939,32.341,15.498,4.554,4.258,5.539,2.853,10.917,2.826,10.426,1.718,24.81,6.118,26.096,15.203,24.705,3.459,7.84,2.361,7.466,13.167,9.284,9.749,2.151,15.217,7.577,19.288,19.781,0.766,13.834,1.192,13.891,19.1,18.033,30.975,5.052,39.366
Total (Mil t / Thousand Tonnes),932.857,815.327,718.571,817.359,607.623,542.961,468.416,582.285,632.668,750.7180000000001,622.267,599.588,804.51,627.607,563.4269999999999,650.0150000000001,544.934,733.409,900.221,775.808,1156.724,1046.312,953.223,1024.7620000000002,1069.134,688.269,1025.363,632.907,1100.809,1215.4,1467.937,1293.446,1550.062,1215.982,908.0310000000001,1558.503,976.7630000000001,1065.099,1215.393,1011.6260000000001,1201.435,1214.0819999999999,896.0840000000001,1139.855,1346.545,931.4150000000001,1138.603,1294.75,1264.3980000000001,1173.3509999999999,1384.458,825.595,1450.614,1201.201,1070.489,1471.1419999999998,1161.8449999999998,1565.199,1299.736,1483.2579999999998,1352.324,1033.615,1192.338,1098.256,753.152,1451.4540000000002,984.126,601.646,1054.875,1822.567,1314.067,1286.857,1583.373,896.697,811.44,1063.7659999999998,1235.019,1099.2559999999999,999.5999999999999,917.096,955.506,1144.431,1089.096,1009.5360000000001,1093.975,736.4030000000001,1381.777,880.3760000000001,849.467,1066.4759999999999,875.0609999999999,840.556,749.4110000000001,784.1030000000001,513.979,766.341,527.389,763.366,1393.615,829.5539999999999,743.838,951.7610000000001,825.7800000000001,863.805,944.4490000000001,812.533,963.5550000000001,1354.914,1177.9569999999999,950.449,1276.12,1103.417,1029.6190000000001,1052.7559999999999,960.5829999999999,889.1060000000001,841.246,907.056,809.849,942.554,950.028,948.838,1226.257,835.8700000000001,1085.67,1187.658,823.615,938.8979999999999,832.899,1089.931,954.098,839.9760000000001,935.971,689.271,899.87,739.473,715.284,657.3409999999999,1476.37,827.9230000000001,703.75,707.8969999999999,478.768,739.12,907.344,767.187,786.156,646.932,992.524,1069.777,1039.549,848.6100000000001,773.8510000000001,904.342,1025.417,1218.036
(US$ Milhões / US$ Millions),573.5,509.969,474.159,539.518,507.626,386.179,345.875,440.298,416.662,511.359,438.381,423.86,612.938,415.815,422.542,495.299,451.62,514.095,653.383,587.238,714.205,665.367,627.543,648.29,681.0,411.0,673.0,361.0,586.0,571.0,652.0,548.0,680.0,499.0,377.0,546.0,372.0,369.0,448.0,383.0,443.0,534.0,403.0,556.0,620.0,409.0,488.0,569.0,563.0,556.0,731.0,457.0,752.0,640.0,553.0,764.0,594.0,814.0,757.0,865.0,796.0,604.0,753.0,706.0,484.0,949.0,627.0,488.0,704.0,1177.0,843.0,743.0,945.938,544.591,463.936,616.32,759.757,685.512,582.047,537.597,522.876,603.985,543.473,501.933,525.605,379.241,717.525,480.223,421.377,472.601,391.792,380.34,376.554,392.683,299.064,433.959,311.848,520.444,910.737,655.785,633.842,835.081,792.354,867.629,937.277,817.746,884.471,1177.935,1008.397,757.734,1010.002,895.563,1014.457,1224.268,1034.854,866.389,763.031,794.046,684.59,820.491,782.685,784.289,1039.78,771.684,979.334,1089.516,732.024,808.957,661.682,810.083,714.408,641.228,670.21,568.34,736.157,639.274,602.894,574.456,1097.465,633.854,577.733,579.465,411.937,545.678,645.938,599.183,535.88,479.215,683.169,676.251,729.837,571.89,519.367,596.661,611.978,733.948
Importações / Imports,,,,,,,,,,,,,,,,,,,,,,,,,,,,,,,,,,,,,,,,,,,,,,,,,,,,,,,,,,,,,,,,,,,,,,,,,,,,,,,,,,,,,,,,,,,,,,,,,,,,,,,,,,,,,,,,,,,,,,,,,,,,,,,,,,,,,,,,,,,,,,,,,,,,,,,,,,,,
Laminados / Rolled Products,277.653,294.211,271.067,329.344,264.948,238.591,381.225,336.01099999999997,362.24199999999996,412.981,304.53,220.56,310.731,249.13799999999998,315.09999999999997,364.723,414.01899999999995,323.275,407.39,372.753,374.495,331.31500000000005,287.53299999999996,212.81,379.216,313.425,297.139,418.51800000000003,304.61,327.957,267.486,200.92700000000002,190.3,189.48399999999998,133.904,112.751,104.134,87.16,147.40500000000003,110.66,166.22000000000003,90.08700000000002,110.63999999999999,109.518,152.007,215.61199999999997,191.425,148.904,206.907,161.02,231.92900000000003,151.337,206.44400000000002,180.211,201.849,189.522,219.719,184.95499999999998,164.39499999999998,144.457,215.238,146.719,211.809,198.874,199.889,227.85399999999998,212.986,181.575,188.76899999999998,122.84900000000002,170.448,157.26300000000003,174.08499999999998,176.04700000000003,195.793,180.498,230.696,166.414,199.307,181.831,182.094,208.66899999999998,125.72800000000001,132.611,229.25499999999997,148.123,142.131,148.212,147.797,186.83100000000002,143.046,129.152,140.39600000000002,139.528,198.349,204.925,276.499,236.843,328.818,285.27,396.813,420.15700000000004,395.78099999999995,349.179,325.906,301.33000000000004,400.384,308.195,294.901,291.38,237.26999999999998,221.745,267.451,190.25300000000001,212.19799999999998,311.805,232.92000000000002,317.39300000000003,267.599,296.771,334.37600000000003,260.556,326.171,323.356,334.135,331.23,378.781,411.57,518.187,339.40299999999996,353.562,479.679,320.44000000000005,351.429,406.995,422.01099999999997,431.072,335.735,379.721,492.67900000000003,479.577,484.974,370.542,295.03700000000003,457.111,404.477,583.807,514.655,622.927,595.038,501.58,393.137,409.79699999999997,459.278,439.24399999999997,368.057
Planos / Flat Products,140.752,155.91299999999998,140.296,188.103,148.58599999999998,133.037,222.136,251.93699999999998,225.803,260.75399999999996,139.008,117.529,159.80700000000002,158.77599999999998,218.04799999999997,193.787,283.20899999999995,187.424,254.026,213.884,242.345,191.95700000000002,173.21999999999997,139.791,212.36299999999997,213.251,186.57300000000004,190.56900000000002,211.297,212.172,188.783,122.324,112.711,110.166,88.15400000000001,69.709,53.70099999999999,40.011,73.13000000000001,66.273,71.134,46.39000000000001,61.236999999999995,70.813,89.87599999999999,165.69199999999998,117.711,107.329,152.454,81.411,138.62300000000002,99.651,144.20700000000002,131.20700000000002,149.512,150.861,171.177,148.069,123.77799999999999,105.931,149.785,86.764,151.326,154.387,138.651,157.47599999999997,141.589,136.494,140.29199999999997,78.99300000000001,120.01200000000001,115.76900000000002,118.178,119.57000000000001,145.966,119.822,156.838,94.824,128.545,120.10399999999998,114.555,155.94,77.093,81.006,148.17899999999997,92.50499999999998,94.947,91.934,105.15299999999999,129.781,110.22500000000001,91.347,106.197,95.874,131.496,130.815,201.24699999999999,133.755,182.86100000000002,174.607,230.209,265.769,250.96099999999998,226.536,205.329,147.485,285.976,196.884,206.07600000000002,180.34799999999998,158.933,152.237,174.425,140.93200000000002,152.153,187.366,145.602,211.75400000000002,187.734,204.394,220.20100000000002,183.202,212.343,195.877,245.123,241.75,240.195,271.955,342.421,236.38199999999998,243.405,317.548,183.348,237.442,297.657,288.666,286.798,248.92399999999998,257.04,338.946,335.145,332.08,254.63299999999998,189.203,307.218,289.876,424.24000000000007,359.795,495.779,440.985,367.289,300.339,306.313,314.817,343.96,260.16
Longos / Long Products,136.901,138.298,130.771,141.24099999999999,116.362,105.554,159.089,84.074,136.439,152.227,165.522,103.031,150.924,90.362,97.05199999999999,170.936,130.81,135.851,153.364,158.869,132.15,139.358,114.313,73.019,166.853,100.17399999999999,110.56599999999999,227.949,93.313,115.785,78.703,78.60300000000001,77.589,79.318,45.75,43.042,50.43300000000001,47.149,74.275,44.387,95.08600000000001,43.697,49.403,38.705,62.131,49.92,73.714,41.575,54.453,79.60900000000001,93.306,51.686,62.237,49.004000000000005,52.336999999999996,38.661,48.542,36.885999999999996,40.617,38.525999999999996,65.453,59.955,60.483000000000004,44.486999999999995,61.238,70.378,71.39699999999999,45.081,48.477000000000004,43.856,50.436,41.494,55.907,56.477000000000004,49.827,60.676,73.858,71.59,70.762,61.727000000000004,67.539,52.729,48.635000000000005,51.605,81.076,55.618,47.184,56.278,42.644000000000005,57.05,32.821,37.805,34.199,43.653999999999996,66.853,74.11,75.25200000000001,103.088,145.957,110.663,166.604,154.388,144.82,122.643,120.577,153.845,114.408,111.311,88.825,111.032,78.337,69.508,93.02600000000001,49.321,60.045,124.439,87.318,105.63900000000001,79.865,92.37700000000001,114.175,77.354,113.828,127.479,89.012,89.48,138.586,139.615,175.76600000000002,103.02099999999999,110.157,162.131,137.092,113.987,109.33800000000001,133.345,144.274,86.811,122.681,153.733,144.432,152.894,115.909,105.834,149.893,114.601,159.567,154.86,127.148,154.053,134.291,92.798,103.484,144.461,95.284,107.897
"Semiacabados P/ Vendas /
Semifinished Products for Sale",1.196,0.16,0.288,0.523,1.496,1.723,0.685,1.259,1.736,0.41100000000000003,1.005,0.204,0.521,0.967,0.355,0.341,1.79,1.911,1.317,0.326,1.435,2.906,1.9129999999999998,0.668,2.122,1.24,1.971,17.147000000000002,2.8209999999999997,1.92,2.907,3.456,34.016,2.283,1.875,2.227,0.8640000000000001,0.997,27.222,1.606,2.415,2.316,0.865,0.372,53.887,66.575,36.486,51.829,1.583,0.175,35.401,1.92,26.306,12.228,2.092,1.362,1.586,0.89,1.405,1.272,1.919,11.314,1.167,3.733,42.148,2.757,3.191,64.075,36.341,1.912,1.318,2.951,2.91,27.528,36.869,63.765,1.883,1.251,1.861,68.985,2.3529999999999998,0.919,2.317,0.733,0.499,2.733,1.349,38.228,1.889,3.58,2.847,0.831,2.127,23.438,1.1769999999999998,0.895,49.053000000000004,98.28200000000001,71.433,70.378,153.587,142.491,115.85799999999999,112.112,31.932,67.66799999999999,35.948,0.39,0.818,15.731,6.54,0.909,8.406,6.42,57.556000000000004,6.756,2.094,3.4200000000000004,58.163,41.458000000000006,42.85,64.501,6.482,79.271,54.273,50.525999999999996,102.69,84.159,31.279,83.59400000000001,2.308,31.006,46.084,94.51299999999999,78.65400000000001,26.648,129.76,92.154,211.56400000000002,153.399,175.489,116.94800000000001,28.223000000000003,34.07,94.346,64.21300000000001,78.991,29.094,76.797,0.728,114.458,97.918,36.111,14.085,29.424,14.518
Total (Mil t / Thousand Tonnes),278.84900000000005,294.37100000000004,271.355,329.867,266.44399999999996,240.31400000000002,381.91,337.27,363.97799999999995,413.392,305.53499999999997,220.764,311.252,250.105,315.455,365.064,415.80899999999997,325.186,408.707,373.079,375.93,334.22100000000006,289.44599999999997,213.478,381.338,314.665,299.11,435.665,307.43100000000004,329.877,270.393,204.383,224.316,191.76699999999997,135.779,114.97800000000001,104.998,88.157,174.62700000000004,112.26599999999999,168.63500000000002,92.40300000000002,111.50499999999998,109.89,205.894,282.18699999999995,227.911,200.733,208.49,161.19500000000002,267.33000000000004,153.25699999999998,232.75000000000003,192.43900000000002,203.941,190.884,221.305,185.84499999999997,165.79999999999998,145.72899999999998,217.157,158.033,212.976,202.607,242.037,230.611,216.177,245.64999999999998,225.10999999999999,124.76100000000002,171.76600000000002,160.21400000000003,176.99499999999998,203.57500000000002,232.662,244.26299999999998,232.579,167.665,201.16799999999998,250.81599999999997,184.447,209.588,128.04500000000002,133.344,229.75399999999996,150.856,143.48,186.44,149.686,190.41100000000003,145.893,129.98299999999998,142.52300000000002,162.96599999999998,199.52599999999998,205.82000000000002,325.552,335.125,400.251,355.64799999999997,550.4,562.648,511.63899999999995,461.29099999999994,357.838,368.99800000000005,436.332,308.585,295.719,307.111,243.80999999999997,222.654,275.857,196.673,269.75399999999996,318.56100000000004,235.014,320.81300000000005,325.762,338.22900000000004,377.22600000000006,325.057,332.653,402.627,388.408,381.75600000000003,481.471,495.729,549.466,422.99699999999996,355.87,510.68499999999995,366.52400000000006,445.94199999999995,485.649,448.659,560.832,427.889,591.2850000000001,646.078,655.066,601.922,398.765,329.107,551.457,468.69,662.798,543.749,699.724,595.766,616.038,491.055,445.90799999999996,473.363,468.66799999999995,382.57500000000005
(US$ Milhões / US$ Millions),369.978,311.089,322.156,373.559,342.873,354.886,434.529,391.814,368.161,417.845,336.168,258.366,349.036,279.096,343.111,396.968,390.672,330.459,396.113,367.931,370.089,345.049,302.616,237.917,384.0,324.0,306.0,369.0,283.0,283.0,283.0,202.0,188.0,185.0,159.0,144.0,123.0,106.0,151.0,126.0,155.0,104.0,132.0,123.0,158.0,181.0,172.0,152.0,174.0,132.0,218.0,151.0,219.0,185.0,198.0,209.0,215.0,186.0,177.0,168.0,241.0,181.0,224.0,226.0,233.0,234.0,240.0,251.0,231.0,178.0,204.0,167.0,212.029,205.436,215.534,226.883,237.079,180.271,220.66,231.475,210.793,218.645,156.337,147.825,231.293,165.399,176.614,184.921,165.384,183.404,170.128,152.311,173.079,165.387,196.342,207.607,290.486,296.619,362.828,342.848,488.42,500.246,480.486,462.547,414.374,421.255,532.141,398.614,407.325,429.8,374.817,350.539,429.479,311.77,410.692,461.583,372.288,454.188,432.245,439.062,491.064,371.082,478.707,473.89,499.554,445.185,547.192,616.096,564.946,466.442,401.976,551.408,405.946,490.167,451.686,450.455,535.047,423.045,611.52,580.893,570.016,579.336,403.316,371.616,543.117,488.796,546.713,482.598,588.03,542.779,558.933,418.506,417.308,474.214,398.547,380.648
Consumo Aparente / Apparent Consumption (***),2167.705,2069.84,2330.9139999999998,2402.633,2456.82,2358.624,2473.819,2559.0389999999998,2470.893,2548.795,2239.78,1939.096,2150.569,2117.975,2289.976,2232.322,2368.86,1948.193,2251.464,2089.052,2237.666,2241.4790000000003,1952.0,1726.103,2047.7359999999999,1873.938,2225.3959999999997,1972.6119999999999,1825.8029999999999,1795.821,1692.653,1772.933,1704.892,1639.727,1503.2559999999999,1240.596,1351.646,1380.888,1671.761,1515.812,1559.664,1601.469,1526.651,1615.748,1657.636,1640.345,1577.741,1420.621,1473.94,1432.82,1753.306,1386.615,1642.48,1711.3670000000002,1661.4189999999999,1769.502,1795.286,1683.008,1633.824,1579.829,1690.286,1624.245,1848.2020000000002,1744.9520000000002,1395.4589999999998,2047.315,1890.9,1952.049,1898.921,1773.931,1760.489,1580.1259999999997,1617.662,1697.527,1839.706,1719.781,1790.101,1746.0330000000001,1761.184,1830.5520000000001,1797.115,1864.047,1752.141,1560.7060000000001,1777.397,1718.407,1656.097,1140.758,1366.877,1762.391,1907.9099999999999,1907.279,2030.752,2084.694,2049.615,2046.652,2226.762,2127.2560000000003,2410.712,2215.335,2490.6279999999997,2480.172,2303.8540000000003,2250.068,2113.116,1981.318,2018.8029999999999,1719.143,1782.226,1859.944,2106.67,1975.366,2055.4449999999997,1965.265,1962.1640000000002,2143.292,2063.918,2025.545,1915.916,1678.3619999999999,1927.82,1731.061,2156.4809999999998,1908.502,2042.761,1972.292,1994.3120000000001,2130.662,2177.995,2008.8540000000003,1982.969,1945.885,1940.7640000000001,1933.375,2111.994,2165.147,2155.354,2189.6530000000002,2294.071,2458.971,2386.419,2428.878,2191.384,1852.344,2154.473,2102.1259999999997,2392.581,2173.898,2407.404,2423.68,2334.975,2182.656,2262.049,2275.428,2150.074,1923.2200000000003
"Planos / Flat Products
(Inclui Placas / Included Slabs)",1261.809,1195.402,1311.942,1367.514,1403.178,1375.828,1392.466,1493.575,1436.087,1464.259,1244.3180000000002,1169.231,1223.523,1201.133,1349.932,1281.217,1387.122,1095.204,1276.724,1125.969,1270.204,1233.202,1071.718,1004.803,1169.841,1105.861,1281.318,1027.927,1030.532,1002.641,921.99,964.71,910.796,905.522,868.857,729.624,748.242,767.521,923.666,811.214,840.836,880.284,861.816,936.017,969.391,1013.425,937.401,861.306,904.897,803.185,1042.484,781.336,978.664,1033.515,996.741,1096.16,1049.698,989.284,988.004,1023.526,986.337,936.418,1127.948,1053.64,789.149,1243.767,1130.036,1157.994,1111.902,1068.96,1103.682,1019.523,909.245,1023.42,1114.533,998.61,1074.209,1049.394,1020.933,1066.303,1037.632,1119.022,1018.811,937.183,1060.483,1000.632,993.168,600.638,729.804,973.924,1037.416,1067.831,1211.588,1203.871,1187.002,1226.138,1351.211,1227.825,1415.434,1282.132,1450.511,1460.426,1300.249,1267.103,1222.477,1089.49,1192.327,1003.506,1045.122,1089.202,1214.76,1119.517,1157.857,1149.42,1133.419,1241.884,1210.47,1218.456,1134.656,1061.293,1174.437,1030.293,1221.432,1113.504,1227.408,1180.878,1177.958,1246.233,1308.083,1200.582,1193.757,1211.144,1163.672,1161.903,1291.5610000000001,1300.7160000000001,1288.001,1326.462,1347.03,1459.595,1474.846,1463.332,1313.4189999999999,1154.703,1294.454,1266.417,1468.825,1299.392,1519.905,1504.483,1370.203,1318.072,1355.987,1368.134,1361.917,1241.505
"Longos / Long Products
(Inclui Blocos e Tarugos / Included Ingots, Blooms and Billets)",905.896,874.438,1018.972,1035.119,1053.642,982.796,1081.353,1065.464,1034.806,1084.536,995.462,769.865,927.046,916.842,940.0440000000001,951.105,981.738,852.989,974.74,963.083,967.462,1008.277,880.282,721.3,877.895,768.077,944.078,944.685,795.271,793.18,770.663,808.223,794.096,734.205,634.399,510.972,603.404,613.367,748.095,704.598,718.828,721.185,664.835,679.731,688.245,626.9200000000001,640.34,559.315,569.043,629.635,710.822,605.279,663.816,677.852,664.678,673.342,745.588,693.724,645.82,556.303,703.949,687.827,720.254,691.312,606.31,803.548,760.864,794.055,787.019,704.971,656.807,560.6029999999998,708.417,674.107,725.173,721.171,715.892,696.6390000000001,740.251,764.249,759.483,745.025,733.33,623.523,716.914,717.775,662.929,540.12,637.073,788.467,870.494,839.448,819.164,880.823,862.613,820.514,875.551,899.431,995.278,933.203,1040.117,1019.746,1003.605,982.965,890.639,891.828,826.476,715.637,737.104,770.742,891.91,855.849,897.588,815.845,828.745,901.408,853.448,807.089,781.26,617.069,753.383,700.768,935.049,794.998,815.353,791.414,816.354,884.429,869.912,808.272,789.212,734.741,777.092,771.4720000000001,820.433,864.4309999999999,867.353,863.191,947.041,999.376,911.573,965.5459999999999,877.9649999999999,697.641,860.019,835.709,923.756,874.506,887.499,919.197,964.772,864.584,906.062,907.294,788.157,681.715
(*) Exclui as vendas para dentro do parque. / Excludes intra steel companies sales.,,,,,,,,,,,,,,,,,,,,,,,,,,,,,,,,,,,,,,,,,,,,,,,,,,,,,,,,,,,,,,,,,,,,,,,,,,,,,,,,,,,,,,,,,,,,,,,,,,,,,,,,,,,,,,,,,,,,,,,,,,,,,,,,,,,,,,,,,,,,,,,,,,,,,,,,,,,,
(**) Vendas faturadas pelas usinas. / Sales invoiced by mills.,,,,,,,,,,,,,,,,,,,,,,,,,,,,,,,,,,,,,,,,,,,,,,,,,,,,,,,,,,,,,,,,,,,,,,,,,,,,,,,,,,,,,,,,,,,,,,,,,,,,,,,,,,,,,,,,,,,,,,,,,,,,,,,,,,,,,,,,,,,,,,,,,,,,,,,,,,,,
(***) Vendas Internas + Importação por Distribuidores e Consumidores. / Domestic Sales + Import by Distributors and Consumers.,,,,,,,,,,,,,,,,,,,,,,,,,,,,,,,,,,,,,,,,,,,,,,,,,,,,,,,,,,,,,,,,,,,,,,,,,,,,,,,,,,,,,,,,,,,,,,,,,,,,,,,,,,,,,,,,,,,,,,,,,,,,,,,,,,,,,,,,,,,,,,,,,,,,,,,,,,,,
"Nota / Note: Compreende os dados da laminadora SILAT a partir de dezembro de 2020, adquirida pela Gerdau / Comprises the SILAT's data starting from december 2020, bougth by Gerdau",,,,,,,,,,,,,,,,,,,,,,,,,,,,,,,,,,,,,,,,,,,,,,,,,,,,,,,,,,,,,,,,,,,,,,,,,,,,,,,,,,,,,,,,,,,,,,,,,,,,,,,,,,,,,,,,,,,,,,,,,,,,,,,,,,,,,,,,,,,,,,,,,,,,,,,,,,,,
Fonte / Source: Aço Brasil / MDIC,,,,,,,,,,,,,,,,,,,,,,,,,,,,,,,,,,,,,,,,,,,,,,,,,,,,,,,,,,,,,,,,,,,,,,,,,,,,,,,,,,,,,,,,,,,,,,,,,,,,,,,,,,,,,,,,,,,,,,,,,,,,,,,,,,,,,,,,,,,,,,,,,,,,,,,,,,,,
